2010|Epik High|Run|Epilogue
2010|Dynamic Duo|Without You|Band of Dynamic Brothers
2010|Leessang|Appetite for Life|Hexagonal
2010|Tiger JK|Monster|Feel gHood Muzik : The 8th Wonderland
2010|Yoon Mirae|Get It In|
2010|Supreme Team|Then Then Then|Supreme Team Guide to Absolute Respect
2010|Verbal Jint|Ready to Die|Going Down Under
2010|Swings|Tomorrow|Upgrade
2010|Beenzino|Retro Love|24:26
2010|Primary|2 Weeks|Primary And The Messengers LP
2010|Dok2|Yaezy Walks|Thug Life
2010|Simon Dominic|Simon Dominic Part 2|Simon Dominic Part 2
2010|Zico|Tough Cookie|O.M.M
2010|Mad Clown|Loving U|Heoteoge Sarang
2010|Dynamic Duo|Think|Band of Dynamic Brothers
2010|Leessang|Can't Break Up|Hexagonal
2010|Yoon Mirae|Where My Heart Is|
2010|Supreme Team|Dding Ddong Dding Ddong|Supreme Team Guide to Absolute Respect
2010|Verbal Jint|The Great|Going Down Under
2010|Beenzino|Starlight|24:26
2010|Primary|Ticket|Primary And The Messengers LP
2010|Simon Dominic|180 Degree Turn|Simon Dominic Part 2
2010|Zico|O.M.M|O.M.M
2010|Baechigi|Shark's Tale|Shark's Tale
2010|Vasco|The Bill|The Bill
2010|JJK|Go-Back|Go-Back
2010|Outsider|Loner|Vol.2-Maestro
2010|Ga Eun|Tears|
2010|Geologic|Hero|Hero
2010|MC Meta|Icarus|The Blue Printz
2010|Rhymer|You and I|Rhymer Trax Vol.1
2010|Deepflow|Come Back Home|Flow the Life
2010|The Quiett|Can You?|Can You?
2010|Don Mills|Don Mills Is Angry|Don Mills Is Angry
2010|Huckleberry P|Mantra|Mantra
2010|Paloalto|Imagination|Imagination
2010|Kebee|On Our Own|On Our Own
2010|Myun Do One|Myun Do One Is Back|Myun Do One Is Back
2010|J'Kyun|Ready to Fly|Ready to Fly
2010|Illinit|Illmatic|Illmatic
2010|Sean2Slow|Slow Jam|Slow Jam
2010|Skull|La La La|Skull & Haha
2010|Mighty Mouth|Good Good Feeling|Mighty Style
2010|San E|LoveSick|Ready for Showtime
2010|Swings|I'll Be There|Upgrade
2010|Jinbo|555|555
2010|E-Sens|Poison|
2010|Tablo|Tomorrow|Tomorrow
2010|Epik High|Clutch|Epilogue
2010|Dynamic Duo|Go Away|Band of Dynamic Brothers
2010|Leessang|Hexagonal|Hexagonal
2010|Tiger JK|8th Wonderland|Feel gHood Muzik : The 8th Wonderland
2010|Yoon Mirae|Black Happiness|
2010|Supreme Team|Super Supremes|Supreme Team Guide to Absolute Respect
2010|Verbal Jint|Desperado|Going Down Under
2010|Beenzino|Dali, Van, Picasso|24:26
2010|Primary|Love Me or Leave Me|Primary And The Messengers LP
2010|Dok2|Thug Life|Thug Life
2010|Simon Dominic|Cheongdamdong Madonna|Simon Dominic Part 2
2010|Zico|I Love U|O.M.M
2010|Mad Clown|Fire|Heoteoge Sarang
2010|Baechigi|Time to Love|Shark's Tale
2010|Vasco|Money|The Bill
2010|JJK|My Story|Go-Back
2010|Outsider|Maestro|Vol.2-Maestro
2010|Geologic|The Geologic|Hero
2010|MC Meta|The Blue Printz|The Blue Printz
2010|Rhymer|Brand New Day|Rhymer Trax Vol.1
2010|Deepflow|Flow the Life|Flow the Life
2010|The Quiett|Money and the Power|Can You?
2010|Don Mills|Bang|Don Mills Is Angry
2010|Huckleberry P|The Great Escape|Mantra
2010|Paloalto|Top Primary|Imagination
2010|Kebee|Ecstasy|On Our Own
2010|Myun Do One|One Mic|Myun Do One Is Back
2010|J'Kyun|Fly Away|Ready to Fly
2010|Illinit|Real Talk|Illmatic
2010|Sean2Slow|Slow Down|Slow Jam
2010|Skull|Haha Song|Skull & Haha
2010|Mighty Mouth|Mighty Style|Mighty Style
2010|San E|Ready for Showtime|Ready for Showtime
2010|Swings|Upgrade|Upgrade
2010|Jinbo|V|555
2010|E-Sens|You Can't Control Me|
2010|Tablo|Bad|Tomorrow
2010|Epik High|Breakdown|Epilogue
2010|Dynamic Duo|Valuable Player|Band of Dynamic Brothers
2010|Leessang|The Girl Who Can't Break Up|Hexagonal
2010|Tiger JK|Push It|Feel gHood Muzik : The 8th Wonderland
2010|Yoon Mirae|Goodbye|
2010|Supreme Team|Respect|Supreme Team Guide to Absolute Respect
2010|Verbal Jint|Walking in the Rain|Going Down Under
2010|Beenzino|I'll Be There|24:26
2010|Primary|Happy Ending|Primary And The Messengers LP
2010|Dok2|88|Thug Life
2010|Simon Dominic|Gotta Do|Simon Dominic Part 2
2010|Zico|Dead Inside|O.M.M
2010|Mad Clown|Insane Love|Heoteoge Sarang
2010|Baechigi|Face Off|Shark's Tale
2010|Vasco|Real Talk|The Bill
2010|JJK|Back Again|Go-Back
2010|Outsider|Speed Up|Vol.2-Maestro
